length_m,load_n,moment_of_inertia_m4,material,deflection_m
1.7739560485559633,486.50352417663964,1.4797047809715734e-06,aluminum,0.009029308652804716
1.4388784397520524,656.8595379104046,1.4610905221884835e-06,aluminum,0.006658529326156078
1.8585979199113825,741.9967231784318,1.7942563098065428e-06,steel,0.004316047398330301
1.6973680290593638,632.4175680310109,1.6526393260912134e-06,aluminum,0.008222069826207577
1.0941773478876495,777.9267341296278,8.3189331799675e-07,composite,0.008800580188844909
1.975622351636756,669.2031024429064,8.593509645752188e-07,steel,0.009461128790344967
1.761139701990353,720.0808629571559,1.5218701429472188e-06,steel,0.003995930137217678
1.7860643052769538,268.4624427101823,1.3834304907467305e-06,composite,0.008895302244858025
1.1281136326755459,639.4481017962726,1.1122215864115897e-06,aluminum,0.004041915772663572
1.4503859378955672,464.05321971642115,1.3023873047777619e-06,composite,0.008205633871743532
1.3707980242325812,531.8622814467651,1.7094923824794325e-06,aluminum,0.0038117057687786283
1.9267649888486018,592.4614456894141,1.7919337815895159e-06,composite,0.01736682555210672
1.6438651200806644,781.8890700233417,1.473467681468053e-06,aluminum,0.011936810164225499
1.82276161327083,790.7468488589748,1.2624433770285235e-06,steel,0.006311915455117445
1.4434141988273312,372.9369472927432,1.1248361137941284e-06,composite,0.007581566423627741
1.2272387217847769,640.2520984627497,1.4263021649231042e-06,aluminum,0.003968981736118903
1.554584787015835,649.9901227611612,1.1776995422772572e-06,steel,0.0033968017310020645
1.0638172561041754,407.8957167878293,1.4769141644566676e-06,aluminum,0.0014932967313055147
1.8276311719925822,274.3218649185326,1.6119828590115651e-06,aluminum,0.004522456171726375
1.631664399122065,224.56817617143184,8.792950531032738e-07,steel,0.0018248939594684972
1.7580877400853738,666.4058765175071,8.012809580272966e-07,composite,0.033571206105498144
1.3545259681298685,493.81984509014353,1.0547325666088916e-06,steel,0.0018145567317106174
1.9706980243949033,791.3241016969557,1.8734137972625371e-06,steel,0.005378738296971083
1.8931211213221977,478.9840737161918,1.575548915874271e-06,aluminum,0.009991247001542563
1.778383497073762,786.7501874443042,1.0063524223244274e-06,composite,0.029059709804104567
1.1946387078519676,446.94560131643595,1.8683167541883424e-06,composite,0.0028829656608854778
1.4667210037270342,676.2092903359835,1.3639471283448079e-06,composite,0.011823529720956738
1.0438037657872288,250.89156338709924,1.3713101080143927e-06,steel,0.0003534925672702011
1.154289492067548,533.2770260826583,1.922650332611186e-06,composite,0.002977554417031575
1.6830489532424546,681.2358721914345,8.71384030620008e-07,composite,0.02782732665077957
1.744762155907817,754.8210003319332,1.0582139295544622e-06,aluminum,0.019238061211045564
1.96750973243421,693.549854370459,1.5029255901856668e-06,aluminum,0.017639038058634142
1.325825358138152,222.18243632070454,1.0345838114984048e-06,steel,0.0008301904059276568
1.3704597060348689,423.6214047840405,1.6154324110507493e-06,composite,0.00488282765042191
1.469555811275808,229.21908338831076,1.0569107472040641e-06,composite,0.004938002035221527
1.1894713590842856,265.5693746687348,9.189883647185772e-07,aluminum,0.002404369383535855
1.1299215053354716,605.1833772004904,1.0483821915690076e-06,aluminum,0.004062168472468754
1.4757049262259336,627.954917787019,1.3072808411264747e-06,aluminum,0.007692092368661538
1.2269093490508842,664.2324096509758,1.0113659590076958e-06,steel,0.002034942354888346
1.6698139946825103,719.2739288333977,9.616304299080168e-07,aluminum,0.017512373483107604
1.4371519188723307,643.6588810859059,1.832338263462729e-06,composite,0.007760212119206226
1.8326781960578375,680.5229552639792,1.1844766443167694e-06,composite,0.02722417181475345
1.7002651020022492,229.37822589396754,1.2329104238219043e-06,composite,0.007068811390830696
1.3123666413820412,340.72109026477915,8.663244914014732e-07,aluminum,0.004121757699205559
1.832259801395201,573.1386640251475,1.228843548202465e-06,composite,0.0193302521183738
1.804764357496802,714.8751827748939,1.1177686127858956e-06,aluminum,0.019563907578322142
1.3874783790301746,202.7000749637955,1.532582080810146e-06,aluminum,0.0017285275625987017
1.288328103930244,508.7776052698099,1.046468357206888e-06,aluminum,0.004591854964452307
1.6824955039749754,606.3724396186383,1.8660385436754086e-06,composite,0.011055109379281204
1.1397524836093098,217.76437347716794,1.915599945103466e-06,composite,0.0012948682358141811
1.1999082024751084,440.81333453203274,9.197972686121482e-07,steel,0.001360628162761241
1.0073622697510056,737.3809288302181,9.288835475462927e-07,steel,0.0013178692607142702
1.7869243775021384,602.9676853135152,9.383917257331855e-07,aluminum,0.018952203771414926
1.6648508565920321,342.5950180163584,1.5434831075723744e-06,aluminum,0.00468895652231656
1.7051653786263352,711.6686777791476,9.463627570515474e-07,composite,0.026515447582840627
1.780729031021968,408.8188540457086,1.8228587815163196e-06,aluminum,0.006182543407829179
1.45891577553834,712.0068026864357,1.7051258179254709e-06,aluminum,0.006386235775342192
1.5687411959528936,379.3661906713433,1.783770629885629e-06,composite,0.006232842262054667
1.1397969981276574,554.1921505298894,1.431272632263225e-06,aluminum,0.0028960091814534757
1.1145300735359736,438.16404064870045,1.996012653822984e-06,aluminum,0.0014827546187379597
1.6684029617904717,364.89503045304025,8.530101235329935e-07,aluminum,0.00983207491837917
1.4710962061431325,731.9345373031215,1.281517957023336e-06,aluminum,0.008670316965684733
1.5652361064811888,312.5562091636948,1.1887240027251633e-06,composite,0.007492249815701547
1.7649988574160256,250.88695474145786,1.938374598455169e-06,composite,0.005299912594783455
1.6347183200005908,405.1561631273962,1.4922331501971114e-06,aluminum,0.005791486762123441
1.5535794006579957,630.5834885849406,1.7674291585336703e-06,aluminum,0.006712591220240868
1.5592071607454137,684.458963585769,1.0044094323902226e-06,aluminum,0.012825323038531742
1.3039500980626122,799.2460220400588,1.9743609726805266e-06,steel,0.0014991486207341976
1.0308178345679395,377.8172342066989,1.3983674562515782e-06,aluminum,0.0013718310896927539
1.4367173892323624,444.7651706787693,1.392406491524775e-06,steel,0.001584143456819326
1.2145846728195293,282.0927668177758,1.9650616742548855e-06,steel,0.00042809393858814134
1.4085286437246363,544.9231577738201,1.256878833460574e-06,steel,0.0020387426397343086
1.8534030732681661,798.5480223577504,1.2770300294659916e-06,aluminum,0.021354520938438464
1.2339394858653407,620.5286060723952,1.501703243365924e-06,steel,0.0012600357300914615
1.058302741689066,557.1277042480231,9.536631326573443e-07,aluminum,0.003415809185645861
1.2813838920219967,435.42145575307643,1.185302751694226e-06,aluminum,0.003933243260134933
1.2935937577666836,749.1792561713329,1.0318499869341565e-06,aluminum,0.007629840453434889
1.661916514726895,498.14995767820966,9.239401749284595e-07,composite,0.020474880132396966
1.5570321523412782,280.6201479878369,1.839373527597224e-06,aluminum,0.0027295039073810907
1.7838982091064135,419.22707791948005,1.507197399352971e-06,composite,0.011886027399445526
1.6643135403273877,240.30000130866014,1.2304073498334933e-06,composite,0.006402871308947161
1.4063868614400705,321.18742261326895,1.2904032528400554e-06,steel,0.0011336920242148222
1.8140203846660348,210.60126859994733,1.3178228044248256e-06,steel,0.0016097238189831328
1.166972919907704,471.96794990009806,1.5597790185736512e-06,aluminum,0.002421366308278503
1.0227120731338606,580.7241589710783,1.912123269786792e-06,composite,0.0024448642414361885
1.0900478607756416,405.9754774273447,1.919335543588379e-06,steel,0.00048534384703282594
1.7223593505964503,452.22906290316627,1.269790375436796e-06,steel,0.003018418350306937
1.4618772302513874,775.5255637067455,1.1951149515173234e-06,composite,0.014767665872784962
1.1612717790336018,651.1778729449493,1.3412558002223059e-06,composite,0.006393342442742374
1.5010447751033635,524.5139821669707,1.4815210765141909e-06,steel,0.00203496248197468
1.1523121027131684,370.72452506709516,1.354181493739698e-06,aluminum,0.001950757025828673
1.696320375077736,738.1980792637971,1.590504091780041e-06,aluminum,0.010564471677398296
1.4461562755740307,341.0582701283957,1.4652788280557162e-06,steel,0.001117981385164889
1.3810212260964825,395.20563831000624,1.1848586560328914e-06,steel,0.0015327873989126738
1.3015120891478764,745.4388886537691,1.214876966915159e-06,aluminum,0.006416064248423261
1.6302825931188885,517.7252331710434,1.2543113450716772e-06,aluminum,0.008694991930850642
1.3618126105533905,645.3907696507861,9.135677218992664e-07,steel,0.0029641592987737124
1.0876499193161009,554.4468764982596,9.992751588967678e-07,aluminum,0.0035749705754330027
1.1180059021205153,592.0635254056971,1.6677365625744632e-06,steel,0.000791834665653794
1.9618976645495145,379.62997490889535,1.266916053826496e-06,composite,0.015859909263523025
1.908580690707607,344.82323697599776,1.0574467670721725e-06,steel,0.0038208657864428753
1.6997071338107497,393.4954083011992,1.4752068926898286e-06,steel,0.0022486156312882576
1.2658699614595195,293.2649384500535,1.7066474509681128e-06,steel,0.0005906005341702458
1.9691763773477238,724.5886191744844,1.1089068348144456e-06,composite,0.03546286943752365
1.7787509039657947,369.94815995006843,1.7921478583084933e-06,composite,0.008897057193240125
1.7168901891589956,536.8936366486307,1.9130058315500596e-06,aluminum,0.006606453648995445
1.4493615021437887,675.1846550848245,1.516873434888609e-06,steel,0.0021997675146370236
1.272241561845159,670.2944656254281,1.6027371907898954e-06,composite,0.006078285502104348
1.0963909621534993,463.0317551505157,8.630911883876664e-07,aluminum,0.003637921419905119
1.9026023965438417,485.7543851520354,1.9346238692262876e-06,composite,0.013215140756845089
1.455776289833611,796.8210493610148,1.2709816811179325e-06,aluminum,0.009626702939170386
1.2023633647952303,604.7584861874145,1.908680480654516e-06,composite,0.0043340520197810055
1.3059566241506526,688.7830658707296,1.494773029700291e-06,composite,0.008671723556683785
1.579219568941896,741.5323815315392,8.055425586119931e-07,steel,0.005526116247986685
1.1767727829392318,672.5539017376035,8.462503991881229e-07,composite,0.009239217252416148
1.8566142840923754,311.10760697214056,1.6165025668039062e-06,steel,0.0019895622240259227
1.75851952983521,537.3024402425433,1.4752016165983197e-06,aluminum,0.009161337231438476
1.7194629559509367,261.13649438872693,8.318389246472892e-07,steel,0.0025165302761418497
1.4320930397751037,591.753275938399,1.6921519534668623e-06,composite,0.007494197315356488
1.6273088407024432,773.2096569126866,1.822574404483018e-06,steel,0.0028616388893788047
1.5840979689127357,507.6392385800668,1.3957009789271699e-06,aluminum,0.007101558235372286
1.6498466015548199,459.7834957206603,1.3589089284287058e-06,aluminum,0.007359436226282034
1.084444321139889,221.5056508508979,8.065677306015529e-07,composite,0.0026567686943240677
1.4158074021706097,775.8647133975322,1.743979654992319e-06,composite,0.009589830167789528
1.0416141738618925,261.80161047809526,1.1968592800953264e-06,steel,0.0004244233081309424
1.493990819244519,224.64745598290816,1.8545163437390473e-06,composite,0.0029362682919358823
1.3298612123327853,347.6399669029631,1.2476727050696637e-06,steel,0.0012080205117421556
1.144524188866047,239.31826035102944,1.4780934927568466e-06,aluminum,0.0011864228896705494
1.1034029677225516,473.0707054470574,1.1244101458391929e-06,aluminum,0.002476174189208313
1.587644572177712,509.65268075426746,9.927059751019023e-07,aluminum,0.00942784596978792
1.170592968536886,387.54196941715037,1.7298894840575935e-06,composite,0.002430206411977649
1.9251201183767972,230.57628954493163,1.3959085746155378e-06,composite,0.008737227704622206
1.5810611397003949,266.96022094953605,1.443785508502701e-06,aluminum,0.003508863457537051
1.346869804534837,430.7026267939568,1.9584991441780826e-06,composite,0.00388690986787599
1.5909154914814168,236.31707049592168,1.9562958946665844e-06,steel,0.0008921932905754307
1.0228038710296974,618.913835365948,1.8267705460428841e-06,steel,0.0006207723487527477
1.9585592132414453,324.2123249148872,1.0251311513180403e-06,aluminum,0.011895355391817537
1.4823034369429002,381.2429412701831,1.513127233161896e-06,aluminum,0.0037797546884303975
1.7827352272502863,436.4754663068585,1.8537769095866448e-06,composite,0.009387982910445562
1.0827299999224387,449.9657798414887,1.2493567237387253e-06,composite,0.003392487508665223
1.4866583308381602,200.99642460488033,9.21327399122702e-07,steel,0.0012050283049023097
1.4907069943545208,267.2422225992185,1.773155482687906e-06,steel,0.0007548826724773457
1.9378264549749828,717.6587382445268,1.378116261634606e-06,composite,0.027816976264718903
1.5717280523760753,200.73983750714487,1.4772712164310142e-06,aluminum,0.002550590069582564
1.4734894010569537,504.9004134877251,1.978573155581413e-06,steel,0.001346003524171169
1.2669756630918936,493.70120390432487,1.5286537165928863e-06,composite,0.004667607858392224
1.3315689973425522,399.85649660638273,1.3099752627993217e-06,aluminum,0.0033875440798283663
1.5206724024715377,458.7962120878698,1.2439812414166372e-06,composite,0.009521857699568974
1.4389114603050466,668.3486825159506,1.3011431511848548e-06,composite,0.011387114763116865
1.0216120798803305,704.7222237289739,9.420788998144024e-07,composite,0.006086858571272077
1.8262919241943578,356.20912604915003,1.7537006701010861e-06,aluminum,0.006300109165070277
1.8961607718397668,393.4942645806379,1.8052602298244493e-06,composite,0.010845538378194904
1.1402490889986108,345.4897118169996,1.1412765614880906e-06,composite,0.0032485506443897176
1.5540361435390495,487.9180403306391,1.1645559420919328e-06,steel,0.002678056272538637
1.1085757411354435,609.9550145952878,1.8492011076017757e-06,steel,0.0007718347413624382
1.6722400930398118,336.9517252780523,8.287644266335465e-07,steel,0.0030999081959803185
1.2812337838390082,398.44144523292,1.4245489325206732e-06,aluminum,0.0029541643161472473
1.6594226346919019,758.2307705534903,1.3564108576178012e-06,aluminum,0.012944275133595619
1.7269946142868826,229.14157390817485,1.6281521234941516e-06,steel,0.0012862064338052186
1.768647491917657,476.46176314373974,9.960700401793453e-07,aluminum,0.013921501400063707
1.1077409459558964,626.9348249580667,1.6019968889541845e-06,steel,0.0008481846950204152
1.916011845137608,290.2724069344844,1.2520808094498516e-06,aluminum,0.007883141268528434
1.2302139908948808,228.42441200328912,1.5424577338035704e-06,aluminum,0.0013327408401933645
1.0374125561761798,282.9232229831184,8.481140118473311e-07,aluminum,0.0017904559233067857
1.5548524693914834,751.2939161184097,1.3540726366214113e-06,aluminum,0.009748384362755092
1.3709222838624386,205.55586909267404,1.4267010727788465e-06,aluminum,0.0016601433629339403
1.8297897431324133,312.9931848868111,1.057191683425984e-06,composite,0.013497669853491873
1.8082514720643017,218.77010774098673,9.675483850149448e-07,composite,0.00952235624262286
1.3171388928227152,266.37768053732196,1.0261691636147615e-06,composite,0.004412687251630879
1.9528993950697449,572.0895719769778,1.2129692936760176e-06,aluminum,0.016296315953644693
1.2909178381401185,344.9833452434515,9.161721791659657e-07,aluminum,0.003698163851458205
1.5150571292317145,541.527230258406,1.9367837548755254e-06,steel,0.0016395818326702175
1.2559650905676027,554.1172296596757,1.2859928737949806e-06,aluminum,0.0041551850343958035
1.9360435700489633,709.6611998538674,1.7707635230080987e-06,steel,0.004987522248740919
1.1646078175820183,202.84483574712436,1.969300547730616e-06,aluminum,0.0008719007627253512
1.044910619392329,712.02167560542,8.968823360032868e-07,steel,0.0015304665043129628
1.435097060003038,571.4714518561843,1.5820033615219928e-06,aluminum,0.00528285052490695
1.9923755640558372,297.6460916629745,1.8456909040894566e-06,composite,0.008938572649550976
1.891677266254914,663.7624328811704,1.5610813207600738e-06,composite,0.019948492287219143
1.7486080194569493,713.2949250743515,1.314831345628895e-06,aluminum,0.01512113950575141
1.8907924908785247,352.55809025249437,1.317291629165526e-06,steel,0.0028760621768246257
1.893446639697863,751.2762085416085,8.430786632088307e-07,steel,0.009555589498344438
1.518858360386449,472.6744581791947,1.4415209015471303e-06,steel,0.0019111374183631018
1.3159290518307931,562.054672599993,1.992251596144217e-06,composite,0.004740619546494727
1.772012432110988,790.7897201705862,1.9504490311663205e-06,composite,0.01595656145751046
1.661661263167761,416.9216471835196,8.484790746105958e-07,aluminum,0.010724993320317847
1.37365772887371,687.8956074920677,1.6469564043553857e-06,steel,0.0019152788474688558
1.0944666680615152,391.0394706970758,1.162117840036317e-06,steel,0.0007056062780559345
1.746789611349026,679.5281133448946,1.8835869840873639e-06,composite,0.013250749581961922
1.2624605159228648,560.4403513175855,8.541376948511342e-07,steel,0.0023041149417335027
1.9368131505337791,329.81341713524085,1.9230489224132965e-06,steel,0.002127896771526069
1.2409705750056848,448.4156562735418,1.8049708925453323e-06,steel,0.0007667537718125771
1.122757932411486,390.581380618137,9.410052587031218e-07,steel,0.0009016441440054563
1.831112672124906,246.86503584821833,8.71789204780759e-07,aluminum,0.008086209304205583
1.153284316624494,217.90086205981848,1.801649197192323e-06,composite,0.001370485946772077
1.179268308157739,407.88719324430855,9.869092051694952e-07,steel,0.0011955054754394325
1.5993827915208434,211.42048869049194,1.4418777835710445e-06,composite,0.004213361605036357
1.8745620408374646,299.292654549065,1.8988938294544513e-06,steel,0.0017230757292670308
1.1964346657145732,635.1099925105214,1.480937736259188e-06,steel,0.0012654541679855726
1.3103236729000947,624.8547414101527,1.2766799617673888e-06,steel,0.0016166879792711831
1.7774048382411776,643.1482318744296,1.3340192658247905e-06,composite,0.02108927950589071
1.9718264260609675,390.29190267798725,8.757406048446452e-07,aluminum,0.01553040661942364
1.5007411862023423,734.0116742706173,1.9625027856339183e-06,composite,0.00951976724967028
1.1438975025512508,556.2983288170685,1.1727850220972992e-06,steel,0.0011979075998763806
1.0139362877082014,275.6158050479759,1.0272361900074245e-06,steel,0.0004914163996686218
1.2296560299988553,286.23119687332047,1.1432567622084743e-06,composite,0.003543167765695477
1.131822217786521,615.8572561578209,1.9572478338697748e-06,steel,0.0006699776617336287
1.6776586736128576,303.76636186524684,9.131432641856083e-07,steel,0.0025152184589621635
1.1218325046285311,504.375620949226,1.8407636486014176e-06,aluminum,0.001881743977225038
1.5063299316206331,795.0646855572264,1.6494126732817373e-06,aluminum,0.007881491307397214
1.6942624356428864,202.4045628400037,1.7960230149908336e-06,steel,0.0009352947228254031
1.5811166092209024,209.94788113853414,1.9710770484414755e-06,aluminum,0.0021141729560346474
1.1997756516600577,795.8507491583039,1.8105855866202461e-06,composite,0.005794210972718828
1.8041245261822627,550.7833004804993,1.9320588215334234e-06,aluminum,0.0080003977714508
1.7154071296158016,276.1459853111079,9.523223081491036e-07,aluminum,0.0064183047756403485
1.7389840039155418,738.3813198524562,1.754946278200364e-06,steel,0.0036036895557392036
1.1310577515573133,728.2281800766153,1.4548108328972573e-06,aluminum,0.0035718518971886515
1.1237538036503447,521.7202478668252,1.4521947140958328e-06,composite,0.003570621842041793
1.9275625510065075,573.075217916454,1.8787058915846162e-06,aluminum,0.010886893952375569
1.3975781938249408,363.9123149005258,1.9661645823760534e-06,composite,0.003912570065630512
1.3009486917809396,230.31181782320309,1.645805987651817e-06,steel,0.0005167887150372566
1.4885840453515333,556.7405653345186,1.3795260673661407e-06,steel,0.0018787901665107758
1.6628642127635824,376.85311592165783,1.3476846294822144e-06,aluminum,0.005814388485968576
1.95562325704697,598.1726279962111,1.263609748667818e-06,steel,0.00645740537656353
1.2864462268820551,701.7471061055608,1.2339188354871951e-06,aluminum,0.005689387493000094
1.9248084293120271,210.89632634861843,1.2698082100213177e-06,composite,0.007902865236426374
1.0248594913862563,557.4282648114365,9.077038823014343e-07,aluminum,0.0033907421075519317
1.5551980423268246,338.76832381211136,8.929233023125258e-07,aluminum,0.006898669065002494
1.6339751116810852,724.3330987422809,1.735843812646774e-06,composite,0.014229327149687377
1.1058974037507534,352.1987039370971,1.3352874715042712e-06,steel,0.0006028080797650455
1.1403395970639125,566.462079941251,1.9168213862535444e-06,composite,0.003320496991183638
1.4191143193163038,532.1245040537669,1.5346652103127429e-06,steel,0.0016815603927369683
1.9662319121431817,437.6999000355494,8.422111786213037e-07,composite,0.030284021734003547
1.5960425532343727,606.5724581598764,9.890280095809753e-07,aluminum,0.013417519953258846
1.9330232216002112,635.4617808292603,1.046983751615609e-06,steel,0.007661234098424947
1.8043609156129707,540.1626771916322,1.9708832292675926e-06,composite,0.010983778701327256
1.4673816015552914,655.0533423108525,1.0624450713819618e-06,steel,0.0033192544836399235
1.7847634492521873,790.0502455957626,1.4189068115456615e-06,aluminum,0.016165081184254904
1.0178367839769877,451.5634327404831,1.9234123179682355e-06,composite,0.0019440535315477846
1.1091439967657348,508.74983113131856,1.9726312758972286e-06,composite,0.002551082825524122
1.8294286148827363,207.48192676472794,1.0836325224602535e-06,composite,0.009189629742117206
1.7968170883251617,677.617133786227,8.589411725000481e-07,aluminum,0.023134206374785287
1.2326407419664336,512.1380402275963,9.843221990453101e-07,aluminum,0.005312989604761144
1.5307695905990535,444.7768582163391,8.759941744430697e-07,steel,0.002921594188329152
1.6060158207000108,256.4431778536375,1.0341490893108036e-06,composite,0.00741589287327808
1.8677389537760112,733.7938530052384,1.4822836576444825e-06,aluminum,0.015343422561148403
1.6031071573387257,437.0043440243338,1.89493855555477e-06,composite,0.006865415737511939
1.4125715692736804,609.5489589255322,1.444662660433208e-06,aluminum,0.005489507759316405
1.3741840434071828,289.62449382089045,1.551187468038897e-06,composite,0.003093227036872256
1.4258820863735098,776.9297777246195,1.0422407019314492e-06,steel,0.0035234641221947565
1.6519310255799742,307.0650570930985,1.7607003448086201e-06,composite,0.005931086485072468
1.8674906317523248,319.72519573969424,1.5413466902066999e-06,steel,0.0021961202785198645
1.4538968820762999,715.3897163346282,1.8369641950312697e-06,steel,0.0021877956618595955
1.2478395629513581,747.5496464851587,1.9386117284069406e-06,aluminum,0.0036219751539015082
1.2366623629975813,327.28844451398083,1.2174809309079107e-06,aluminum,0.0026146782028775035
1.7460142802434464,481.88053290489677,9.086948702425271e-07,composite,0.02118218728277381
1.8165687634239105,640.0969427376979,1.071114749500139e-06,aluminum,0.018021016988380954
1.1052780798541249,727.019440286481,1.3254098788110045e-06,steel,0.0012516443813656993
1.066558856955178,427.43161702238314,1.934832382189368e-06,steel,0.0004772834243371991
1.5944336637564518,510.2116921096575,1.2539717868480982e-06,aluminum,0.007989593313582503
1.1461732441926982,645.029846311841,1.724927856398444e-06,aluminum,0.0027876035078069957
1.8246641904563412,638.6815859916773,1.448572030604906e-06,aluminum,0.013176669239942963
1.3103346739240744,669.7760780156509,1.0193705245171718e-06,steel,0.002428216555860335
1.1438719329711426,541.9602911849158,1.184880942744142e-06,aluminum,0.003374122503215025
1.9209704724874501,262.7690580828651,1.5838302620273823e-06,aluminum,0.006316150360685382
1.1655317227352782,742.383974526824,1.6074240736218721e-06,composite,0.005343489973968518
1.2847200823379357,719.3435235926169,1.3217116961708553e-06,aluminum,0.0056920559361399925
1.1536133951920586,678.8584614909998,1.0743747231945376e-06,composite,0.007637627031390787
1.115490063665355,259.9174862964377,1.6662881354152116e-06,steel,0.00038142701993187255
1.02114801633644,322.6384202488575,1.0026476499352577e-06,composite,0.0025395362252266063
1.0553954091642601,646.1602190645912,1.9240036302381517e-06,steel,0.0005795902325827914
1.1746414709358528,213.88405674916785,1.025484294843772e-06,steel,0.0005779519186740116
1.0533819326271754,787.5347802243678,9.287748353990245e-07,composite,0.006526761339996314
1.5911438161109712,426.28680821340845,1.3971772428384544e-06,aluminum,0.006373957002630876
1.6807145267995063,631.5875202144941,1.4234595177316328e-06,aluminum,0.01026276795125447
1.3936304568320281,732.542653092826,1.4098314977338937e-06,aluminum,0.007133797986222513
1.3179910969520494,436.7779328900493,1.3240009872066072e-06,composite,0.005342338558974196
1.50452623702223,391.47949315979963,1.99377787139553e-06,steel,0.0010279870410923927
1.8750049422346087,565.244677338948,1.3835367352046981e-06,steel,0.004547025635489324
1.851131626822206,548.5936242488305,1.373535896887797e-06,steel,0.004215422322270007
1.043475062012792,445.48398657487826,1.3061192752574735e-06,composite,0.002799978436466959
1.1814984095965242,561.0648535206251,8.801909056417555e-07,steel,0.0017596199502042482
1.236744871104396,761.2288217398968,1.5115479573795392e-06,aluminum,0.005238988289597626
1.2493875758322117,480.58415397595786,1.0735613266678189e-06,aluminum,0.004393568594671914
1.5712326517427728,318.0453084503788,1.5651307762748598e-06,steel,0.0013826757895525434
1.4162624257031924,426.32358972980234,8.610001543381725e-07,aluminum,0.007081850311909736
1.049254119927594,436.46418955587114,1.977664521503602e-06,steel,0.0004563312389529077
1.3736141384595717,278.6652158157319,1.3628060948152067e-06,steel,0.0008748721859292043
1.5237529487176373,297.72290033273293,1.876106445908838e-06,steel,0.0008395884122962667
1.1016719029037159,610.7372440362063,1.3706734078795218e-06,composite,0.004371484513267361
1.8334585537885597,403.68665252534163,8.72396982289066e-07,aluminum,0.014336775591314561
1.0519618664651043,772.9390351134846,1.7866562553125683e-06,composite,0.003549635889195488
1.9248418690180622,346.15804721516446,1.577820475600561e-06,aluminum,0.0074917787964455555
1.0991131415798754,259.3547030628934,1.7381084570887341e-06,steel,0.0003187907268695252
1.8435749515977529,652.1027378001547,1.313803836210648e-06,aluminum,0.0161527697153018
1.902653143927617,728.621631150722,1.5655240930959738e-06,composite,0.024635656839326794
1.9795706805865927,366.8680141228927,1.8274748045559288e-06,aluminum,0.007768257341697868
1.8020258802735936,321.2528609872868,1.5572785314462649e-06,steel,0.002074459304360275
1.779477540771329,311.4596809226523,1.217208361803084e-06,steel,0.0023985765228267553
1.6424832759955477,513.2073808199074,1.5950355132394396e-06,composite,0.010664990381877104
1.7789963545781289,481.04998474806257,1.6062250263368806e-06,aluminum,0.007663172686826166
1.134552208413147,355.66390391272057,1.95270435500795e-06,composite,0.0017549456107136432
1.5360680359476373,227.10387019365584,1.245094785850003e-06,aluminum,0.003217584305651264
1.5142228701904146,488.8948041957684,1.3100981210169574e-06,steel,0.0021943643239374535
1.8575721441225577,775.599408581365,1.774547553424471e-06,composite,0.022006386808784754
1.4627993655935159,591.511520451598,1.4069147776912896e-06,composite,0.010513879174572655
1.3850894961003535,497.303933977171,1.6838877117388796e-06,composite,0.006269438188062908
1.63956327123711,266.41524441776966,1.3516513573443104e-06,composite,0.006113838182782347
1.266463317500846,351.46177432975236,1.0585941701752405e-06,steel,0.0011042252909451576
1.1397684109539568,376.86436974472565,1.6942446113372129e-06,composite,0.002498228118109401
1.4778772740237458,658.8821315643406,9.573862030216518e-07,steel,0.004171116665429328
1.4168893685948851,726.0264783587716,1.0383003962375697e-06,composite,0.01582376350864847
1.2325699405288737,740.9851121398631,1.5521899793410503e-06,steel,0.0015732567166247332
1.367511810115128,790.7411649504525,1.6967237602304836e-06,aluminum,0.005646023775890356
1.3663924498262474,789.4200098627194,1.873625464241378e-06,composite,0.0076103240909700465
1.3274955644125455,771.7994796607888,1.12710379689907e-06,steel,0.002775174097970002
1.379464079726929,243.09328430173062,9.328691103206651e-07,steel,0.0010773301153808644
1.6857433454559454,282.67612155668314,1.9472559914271546e-06,composite,0.005089767900023035
1.2968764745712853,382.6799158856197,9.853077056265708e-07,steel,0.0014038115978765797
1.9488579267153403,531.738952438677,1.0372003787055673e-06,aluminum,0.019791887972158376
1.916348019538178,258.18673322328755,1.1495953442701589e-06,composite,0.011500243437061462
1.4809104283000787,707.4781746812855,1.435269624831545e-06,aluminum,0.006790607908788242
1.328361205004689,570.0537074463855,1.8593906792408935e-06,aluminum,0.0035591094640072636
1.5354347898300031,525.4186413813229,1.7126552272758401e-06,aluminum,0.005177363294482608
1.8485604887736247,299.1867940203747,1.6497890646111622e-06,aluminum,0.005545866208197997
1.652587340560102,351.95328464011845,1.0102166814272044e-06,aluminum,0.00756321671364924
1.8043918279470774,296.18721498935486,1.229219157831169e-06,aluminum,0.006744888068861925
1.5327222760657402,711.1598946768792,1.3740859113040136e-06,steel,0.003228673551162455
1.6329176292676206,550.5367160367309,9.76911144182703e-07,aluminum,0.010945188442515333
1.2881556141824617,641.0776565117801,1.128115642552007e-06,composite,0.008765037139979294
1.7348931623102908,377.61971774601545,1.169999844743413e-06,composite,0.012910962693332223
1.2024045931257183,422.7515822529663,9.527314379948471e-07,steel,0.0012461539212294608
1.6947981288184981,442.91297865592026,1.460287630289909e-06,composite,0.010057269140111392
1.860719068325894,656.008983046421,1.6460338358290314e-06,composite,0.019654400918074046
1.1321028373015438,663.4117926047409,8.839179577722334e-07,steel,0.00191692519299134
1.6143797405419198,324.08811650841903,1.3773477221157797e-06,composite,0.00731685890543962
1.0950957482299346,764.9233140428594,1.738653434321354e-06,aluminum,0.002517543528587507
1.725715628271427,272.39320246621185,1.697588154742936e-06,aluminum,0.0041244577567125075
1.0844932188235203,737.6732494541782,1.778087715462505e-06,composite,0.0035944264197210504
1.9359398227006261,260.23738738988555,1.3378887598047282e-06,aluminum,0.006923236247847941
1.1374079300378022,358.7238866907867,1.7846684991678328e-06,aluminum,0.0013654301026074628
1.9588802459090804,707.8871216407742,1.0889036854571233e-06,steel,0.0076718757546244565
1.8008841760850967,307.69524340765247,1.2329726737010184e-06,composite,0.010558138460585051
1.5936820044663542,448.1407587859819,1.0116266917013616e-06,composite,0.013160330492735507
1.782624104629547,469.9155799664757,1.360981447314286e-06,steel,0.0031548350580921985
1.795114838983086,347.1553838139258,1.2704720268985318e-06,composite,0.012053154929112467
1.9460270628173304,626.1471208015919,1.0891125396971745e-06,steel,0.006904036522676647
1.2533833538391872,710.8007896413224,1.7021368510769378e-06,aluminum,0.004166911616563458
1.5900758953583092,724.745083913343,1.1766161265339759e-06,composite,0.01860087407249893
1.0950491975644012,403.5932874419366,1.1273651961750029e-06,steel,0.0007561557047698295
1.6161657000241214,518.5102365726887,9.57068397020594e-07,aluminum,0.010570092998878414
1.1712913040927888,349.04384231939093,1.3265860421623382e-06,steel,0.0006466263357735292
1.5649506114724419,346.87790093008726,1.1635575546047624e-06,composite,0.008586667505886152
1.5724305140338497,296.75243771115447,1.2431274096091622e-06,aluminum,0.004404066337076807
1.4659851529812273,764.0114064845088,1.0831967151446632e-06,aluminum,0.00946191642156705
1.5226317755131227,732.7932971633479,1.7157865877838806e-06,composite,0.0108686994513349
1.763923390006588,666.4152279966154,1.9160040168256607e-06,aluminum,0.008806374864543148
1.7992447165120666,510.59691277263744,1.397518223346665e-06,composite,0.017005605213526277
1.4921532155754291,494.36474930712313,1.5715981080089991e-06,steel,0.001593492973504098
1.5995934415226123,517.8473997094989,1.8406067319280472e-06,steel,0.001780880402781798
1.9312362356901018,521.9408081462536,1.9985955648003905e-06,composite,0.014707077582355605
1.1197335885011228,460.7378508186142,1.5362197816757983e-06,composite,0.0033305528068042554
1.1171035659001105,279.0528997352405,1.8677353598478425e-06,aluminum,0.0009687128928341655
1.0877090119107684,275.39831172112156,1.8903298958667704e-06,aluminum,0.0008770904088478117
1.657863285040528,771.3498295074099,1.7497417853691467e-06,steel,0.00345105343850962
1.4186083007903796,489.2184557518103,1.3531176692877323e-06,composite,0.006756142767990783
1.7743214161418432,771.9233149431134,8.973848005086791e-07,composite,0.03228027842535263
1.6712314133085926,298.146126626066,8.189666665281606e-07,steel,0.0027924295772629774
1.3336377583282382,532.6499312239602,1.3726407599395094e-06,aluminum,0.004791189638964251
1.8983665473615359,324.63035201092356,1.3931774402415411e-06,aluminum,0.007533316443358169
1.7625321470706523,351.91076367596094,1.2888348654355668e-06,aluminum,0.007258758906972992
1.2705349409101756,218.03274725670727,1.4818008215496374e-06,composite,0.0023621384204239636
1.3641920177720541,271.3719864441268,1.4625952439653124e-06,steel,0.0008677880587693202
1.3144399802042628,750.1090445775175,1.8039356492392316e-06,steel,0.001528495251045212
1.1576116486249997,392.91979488939904,9.303885239147149e-07,steel,0.0010909660087715907
1.1477833725421918,564.877527148755,1.0702131993266545e-06,composite,0.006450533984181166
1.936127463375744,479.0084791935638,1.7516059747515564e-06,aluminum,0.008858466706579584
1.4379040371987533,440.27074714716696,1.8174042406683855e-06,composite,0.005608975650762311
1.38331982277741,519.1316548076409,1.9937890563450414e-06,aluminum,0.003160097725824073
1.729685708677378,312.3433667692049,1.8474944196645008e-06,steel,0.001465611861323354
1.5529930652528998,793.162339111746,1.8678788084867972e-06,aluminum,0.0075901607164810345
1.9361399868384623,690.9847212223178,1.1772175311558857e-06,steel,0.006760098704787003
1.7803014939093922,644.9687796389092,1.2819939608112516e-06,composite,0.019994442382498097
1.4793695641245403,481.2555782083715,1.1217021257846612e-06,composite,0.010431713851438967
1.3763594734808262,291.7262732758016,1.5275592778312586e-06,composite,0.0038720091251485942
1.9866315449243221,752.3995149641407,1.926566425048446e-06,aluminum,0.01469669876854964
1.7177602360036435,404.8322404290366,1.2135690638139413e-06,steel,0.0028279179565611373
1.951194660003841,230.06401381816028,1.4684021382577402e-06,steel,0.0019951856539654894
1.1184785772170414,405.4422060863772,1.155559556544182e-06,aluminum,0.002256426212160854
1.8505336791907827,676.6742182975306,1.0037599685272489e-06,aluminum,0.02140142596902689
1.6370738839912076,573.6252469929249,1.0342226357823868e-06,composite,0.018763865790103352
1.1219216783351125,650.5031508469158,8.695344134457559e-07,composite,0.00884432317542202
1.5882579999692208,676.1812303174265,1.939152227611109e-06,steel,0.0022846429958671343
1.6860963651054488,327.17276664832553,1.2834555302091554e-06,steel,0.0019898917078826624
1.0123026858886028,754.2699896559081,1.8009450704025297e-06,aluminum,0.0021795762192690833
1.4543179618417466,462.79376175222353,1.6175953672276293e-06,aluminum,0.00442544963845022
1.8253995111963213,583.4081895584987,1.0303053936933025e-06,steel,0.0055866511713371075
1.2953590253440899,201.3852635520452,1.0105546958949053e-06,composite,0.0031438408494718607
1.458548081798551,796.0210990467068,1.7743858418126537e-06,composite,0.010590082701424707
1.4423141270678932,368.53783157849307,1.1176540527434447e-06,aluminum,0.004581743242755634
1.3019273914424916,237.23786392409315,1.8959422204423708e-06,steel,0.000450775757285565
1.9184418955155542,474.9572249219084,9.680664856273888e-07,composite,0.02577523495456931
1.7812940354315159,277.41803430922505,1.6132503373453633e-06,steel,0.0017005672709049804
1.1105884109961104,291.3960260945454,1.7773686512371205e-06,aluminum,0.0010521167900626866
1.997034657837573,579.3696878181261,1.082307666098774e-06,composite,0.028671927703915332
1.8792000243077451,435.75643494213995,1.1314488361478792e-06,composite,0.01711765633084854
1.283908437864039,753.111470092997,1.957422663367042e-06,steel,0.0012716826649664093
1.8368965796609382,391.493896764842,1.11751712641539e-06,aluminum,0.009800771669034583
1.1064195318713828,635.7080770303407,1.3159484598800572e-06,steel,0.001082073412778487
1.9991047304742386,476.6596580929446,1.3190187118908392e-06,steel,0.004525822168108293
1.6656847361065368,595.9707806775673,1.1036416999156202e-06,aluminum,0.011632424827679328
1.650125015558797,559.8172140295942,1.7309493037245084e-06,composite,0.010347505799331715
1.0904407269841327,483.6703836553989,1.7262192118749863e-06,composite,0.0026318040471387397
1.8970333988966253,770.0366567746622,1.2539816170685426e-06,aluminum,0.02159151077309374
1.0289995032044694,405.6281856529735,1.8021509492968803e-06,steel,0.00042225272873451937
1.240828058041147,306.3413007495635,1.0556899212788029e-06,steel,0.0009247042357835825
1.143021875166635,606.8564365278969,8.051669308012143e-07,steel,0.001832669540174878
1.7767679406922186,707.6045367847453,1.4854008344668893e-06,steel,0.0043568931404852
1.1982042272128979,224.15224396395425,1.992893326942854e-06,steel,0.0003277627310556517
1.9106382271308853,469.77961305360833,8.463731717922615e-07,composite,0.029514623077044392
1.6562690393274901,735.4926138123958,1.0495976884501526e-06,steel,0.005065554373352192
1.0361627104946962,649.7711713537205,1.422697570984501e-06,steel,0.0008483438638334312
1.0054298341287005,795.084629898577,1.7719288837338448e-06,aluminum,0.00197938815532739
1.051657917014399,518.8482869583463,9.068504060900638e-07,steel,0.001120856760836846
1.6059251776477277,595.9974312806908,1.2742815845106731e-06,aluminum,0.009714643537029609
1.8014818108594153,381.48816868275685,1.6964909607558634e-06,steel,0.0021604455301103285
1.2385528206273886,768.5213597995954,1.2458518500876339e-06,steel,0.0021307745890950932
1.849408842923073,419.8012931339218,1.0266037045707667e-06,aluminum,0.011945357454327283
1.0572319401532604,643.1064276119771,1.0345949928759048e-06,composite,0.005500291559636816
1.8009638536416763,441.88412247144913,1.292058544297993e-06,aluminum,0.009633680220094589
1.9277954301722804,537.0913580377996,1.3753004897670694e-06,aluminum,0.013448679539806949
1.7721083991043804,631.8695210129277,1.8341773013792167e-06,aluminum,0.009208671961703543
1.6981207839786372,505.3604910508125,1.570702902281592e-06,steel,0.0026398622925754736
1.837980218655383,744.2517961457052,1.6284823454186015e-06,steel,0.004929939940954702
1.0401512995470665,451.58059275668614,1.9795846058430883e-06,aluminum,0.0013255988622732395
1.2017821107190554,588.2430788859951,1.2942121283611685e-06,steel,0.0013147054070215861
1.1249236793056432,405.4174599800325,1.2840252838989538e-06,composite,0.0034651121429687738
1.5045309901929866,444.89400093860786,1.908016361270975e-06,aluminum,0.0037016476246229542
1.7451881283288446,464.0300649401314,1.0950507044060704e-06,steel,0.0038977081123538425
1.6300118445763987,275.48421098737117,1.6757782955634398e-06,aluminum,0.003308355747186766
1.851131099761935,255.03420743540403,1.7054877658617616e-06,steel,0.001667133130184025
1.1552129924410908,600.4939538880548,9.173455969345317e-07,aluminum,0.005414054225869479
1.7346210919351615,593.3106430058314,1.3618776868323007e-06,composite,0.016740367676283844
1.1930414908689042,597.7458285260572,1.0406749655858647e-06,steel,0.0014474005577986698
1.2707587513178003,211.859867205615,1.0224503273629827e-06,aluminum,0.0019978280045122375
1.709904697281304,395.92810560306793,1.3565937325554514e-06,steel,0.0025816023463514923
1.9802047848986817,318.68590835551817,1.147315649009678e-06,aluminum,0.010707467464985907
1.6115436059770696,666.8908535264075,1.755272537151045e-06,steel,0.0026832236209060776
1.0545003149912957,716.378240837678,1.8891258696685787e-06,aluminum,0.0022564193559080734
1.6163089699275328,348.0082263356884,1.7632647263460387e-06,aluminum,0.004123530197599406
1.0423505515801672,600.7094953087918,1.1192370471459982e-06,steel,0.001074735007672787
1.8841457113668172,277.61768207496465,1.12896127242633e-06,aluminum,0.008311146019528546
1.7095782851006207,365.091515361028,1.1056740201409607e-06,composite,0.013150868397555948
1.1731278464225032,283.1926977400517,9.620457152674832e-07,composite,0.0035835271603225824
1.0917210058241982,370.11245995953755,1.9325580417244534e-06,steel,0.000434120679924522
1.1835332288803189,604.8419284095667,1.2824573577884833e-06,aluminum,0.003719195950269847
1.9800271795541926,746.1961461111515,1.0696273694550485e-06,composite,0.03890802734309568
1.4585606424584898,321.51344475451157,1.8160052606098922e-06,aluminum,0.002880383563102099
1.784080948341408,525.2474209704314,1.2790343631893485e-06,steel,0.003928653825498568
1.6364083421077769,620.8346607460594,8.421401733315998e-07,aluminum,0.016234223104930258
1.5724131499586373,771.7534810913394,9.943298842995574e-07,steel,0.005060291766463206
1.1451302546650497,566.0362897323043,1.567100408427404e-06,steel,0.0008774742135922168
1.946024453558095,353.0641586164284,1.7394863290060687e-06,aluminum,0.0072301211046450825
1.301342632514718,575.2868941483617,1.0531212661864554e-06,aluminum,0.006233390813651582
1.578017215807542,392.2946970068097,1.9008747071193706e-06,composite,0.006173805531956945
1.6997759445890661,785.6770344150247,1.8211965440625972e-06,aluminum,0.009359241645777056
1.6492331552453088,439.80568109818216,1.818056904873297e-06,composite,0.007951818486807472
1.9405944096955183,611.2566324566085,1.073193376159057e-06,aluminum,0.021900458094661065
1.148438989920058,213.9365494080551,8.606431863800692e-07,composite,0.002759207341354584
1.5083527384469422,440.0368676808532,1.8409082473791004e-06,steel,0.0012440687714161487
1.404034390740766,725.064567993507,1.1669602744862809e-06,steel,0.003137464701124392
1.474168729482618,566.1364666599475,1.542699657408231e-06,composite,0.009005717976751784
1.1192175261977446,466.3657318375858,1.7119602604408761e-06,composite,0.0028191599259949794
1.1340946098727653,761.5624996614356,9.539519102133442e-07,composite,0.008465489901334463
1.2780755457812574,712.3906256883374,1.7370060254228575e-06,steel,0.0015042646841924088
1.3047046037608312,393.329404293763,1.9262137507532787e-06,steel,0.0007353698899487589
1.42790321368135,526.7290412248037,1.674049958895691e-06,composite,0.007175067083390099
1.6109875470366282,493.89455365547764,1.3294672981766698e-06,aluminum,0.007706898517268464
1.634629117418263,579.3215000689174,1.8520137665020434e-06,steel,0.0023049570628840103
1.4118108965855702,400.46676017525334,1.4329491560870706e-06,composite,0.005867861947122394
1.4087831094286971,346.5230004595329,1.6937251133801049e-06,composite,0.004200216525600722
1.217628526696962,747.6031011533216,1.784607132630325e-06,steel,0.0013263367590704346
1.5883062484090082,754.3246996991038,1.699223434038807e-06,composite,0.012605715297852682
1.3170409113172379,705.9937314571873,1.1454258512577847e-06,composite,0.00958446583986406
1.0360598342773637,786.9226584587368,9.414126810869972e-07,aluminum,0.004628899178463342
1.4184000441568605,646.9949154678131,1.086006235234472e-06,aluminum,0.00847207344719552
1.4741326750901704,658.8003371371998,1.4034499243764238e-06,steel,0.002566376852454747
1.225592868204211,657.5540551775844,1.406332306751715e-06,composite,0.006505985380832441
1.5724579331221156,488.3645785653839,1.499173219177445e-06,composite,0.009231639860998756
1.5657719004319208,473.871316708563,1.2741222050574688e-06,composite,0.0109919048071088
1.7020021811103714,344.13576568940186,1.7442696577400331e-06,composite,0.007189063876054962
1.64794848220121,586.8915166155743,1.8957845004166494e-06,steel,0.002252890205780872
1.6524330565210317,373.5920816614007,1.0960700641753655e-06,aluminum,0.007313657634621062
1.316214151824043,354.68504582141264,1.6838278612422654e-06,aluminum,0.0025547855132566763
1.787432221985954,551.5768244576328,1.6135662230540535e-06,composite,0.013205791774803011
1.5491443835996794,445.9894329350259,1.4277085991351778e-06,aluminum,0.005750554383077069
1.43141819517989,331.3139652767793,1.0262362806489923e-06,aluminum,0.004190233205002548
1.626012480941057,689.6336100516987,1.7542787102992514e-06,steel,0.0028014544201517104
1.3606573344502544,716.3419515766255,1.952751542754599e-06,composite,0.006696783373140669
1.5127392446067582,300.6197118066686,1.666203598680336e-06,aluminum,0.0027026972074847004
1.7367056884822203,204.50421967999992,1.9014319959508807e-06,steel,0.0009572285357635668
1.8864028867237077,401.6779811176242,1.9810223179375995e-06,composite,0.009890685912621829
1.9210571972951915,678.5065014084515,1.2224608090870858e-06,steel,0.00586990396378364
1.503632925183099,703.5043197405946,1.5658682635116044e-06,steel,0.0026524334423700946
1.520275114740569,282.9974420696295,1.3687192851656935e-06,steel,0.0012977082047454492
1.7998704107638366,664.6015407098307,1.983954496235876e-06,aluminum,0.010138925597321807
1.3144506917442014,269.42250038565766,9.125693888092699e-07,steel,0.0011375621427183022
1.8373823623450685,434.0375540939175,1.2948498971566695e-06,composite,0.01543731377532351
1.4941416465174235,799.1657090071495,1.8506468534326834e-06,aluminum,0.007420643724373999
1.1158567243352684,315.5544939385459,1.1408615726318185e-06,steel,0.0006943724786893824
1.0720591470729437,292.37814954657586,1.7453514207666472e-06,steel,0.0003635045600303786
1.8419932110394632,453.68019952807606,1.2593397953363068e-06,aluminum,0.010364741903750923
1.055567916906878,571.8011155819169,1.97597424786819e-06,steel,0.0005729560368566168
1.2806114361336558,759.7404694479519,1.860235803708449e-06,composite,0.006493161964177927
1.3341300405015457,788.4926873198206,1.1615844291951384e-06,steel,0.0024434416694418576
1.172994445191594,241.7843819548368,1.724231736245426e-06,aluminum,0.0011189853822137625
1.3138933698019892,282.7985104087432,1.2042278525999224e-06,steel,0.0009886580905276014
1.7426925667250857,674.4427843375963,1.527635408258642e-06,steel,0.004018970668152619
1.0146828435600708,362.37929136251626,1.5901769220719503e-06,steel,0.00042601874590384174
1.8271734245206863,730.9094357038164,1.795514490902846e-06,steel,0.004176539597034758
1.8565480235745582,598.0719543374521,8.293410090584178e-07,composite,0.03405746021023195
1.3722615731915482,267.1068814284063,1.0641894693827595e-06,composite,0.004896032973544358
1.1536128990606347,699.5175709544043,1.6543013727062945e-06,composite,0.004612577052561603
1.6008404079450809,305.8138280048455,1.4762278843634448e-06,steel,0.0013481785340236998
1.1196725558648943,454.0972368077923,1.3947260938413717e-06,composite,0.003599658476192391
1.3649193610782526,531.3109571355981,8.662519480495765e-07,aluminum,0.008051509536092225
1.9584291809009724,500.45968944816696,1.2179310601537473e-06,steel,0.004889287847689404
1.9954644725836372,611.6977493690903,1.8381202782927779e-06,steel,0.004620305508828205
1.7721048913545856,591.6120409215531,8.370714044432386e-07,aluminum,0.018918208035954228
1.3109615099207663,795.2252033168329,1.2757234824377743e-06,aluminum,0.006900013318422109
1.6876650491660925,799.6531455345126,1.934177945204927e-06,steel,0.0033883870762234014
1.7054063654840128,509.87564158138457,8.610568814540176e-07,composite,0.022837824988579176
1.3878416951636496,257.1194521765184,1.699646901253564e-06,composite,0.0030078401366981935
1.6408886345861595,636.705979381231,1.1091351394184438e-06,aluminum,0.013116301667306306
1.0107276449756761,785.9984469299535,1.8399305985844068e-06,composite,0.003317846451021568
1.2090576586022415,390.9958325774122,1.6952815747512381e-06,composite,0.0031137542972675923
1.5250883029672613,476.7253315025443,1.8628462050300353e-06,composite,0.0064440756066333925
1.1637513042582959,454.86615488927356,1.059109748517519e-06,steel,0.0012499292423613672
1.1659068678765336,230.8514927341576,1.4375513057823259e-06,composite,0.0019295288629100496
1.8363042905502378,603.3586587340669,1.7351239322897608e-06,aluminum,0.010772626598883884
1.9891330026836056,412.00261704108067,1.0948396915939772e-06,composite,0.020174450599836954
1.5559694280284484,672.4783247789014,1.0768955663206602e-06,composite,0.016708271857482786
1.8390697308817134,699.2720451691916,8.32618560197102e-07,steel,0.009245377749372315
1.9903216643262724,692.7384719587072,1.9502183527705425e-06,aluminum,0.01372369432288856
1.1415958885687747,449.99959882392807,1.6520202560655479e-06,steel,0.0006108020924244774
1.448245613254351,392.9274093445397,1.5626724248122218e-06,steel,0.001339060598173235
1.3925727158419199,649.2924678002329,1.692793667233989e-06,aluminum,0.004867971754768132
1.080049283646185,680.8336603056338,1.4379355024345271e-06,composite,0.0047305533972669565
1.7553301727947446,494.7544678348197,1.3713605853084923e-06,composite,0.01439027916990847
1.433779027322593,735.8186117217818,1.3394386893482249e-06,aluminum,0.007902178009740234
1.4693269341904012,286.345217647135,1.5685270545243695e-06,steel,0.0010220602835187315
1.1506729738132402,727.4412677953761,1.0418419704708598e-06,aluminum,0.004908421519936573
1.1809266522308681,257.65713978312874,1.8656704340178435e-06,composite,0.001601140105637605
1.907103622156215,292.11531323276836,1.7741028454631182e-06,composite,0.008376770706273243
1.0446490889742788,520.3040079643763,1.2194763337424406e-06,steel,0.0008441976886445518
1.2328522849437062,240.51108811244902,1.4943311561750292e-06,steel,0.0004692065326810127
1.2920593303145282,231.6842608400662,9.692327599400176e-07,composite,0.003500749868674216
1.4901975424015865,200.3112464994233,1.9668154975203173e-06,steel,0.0005848578577374022
1.586445173014796,461.7899958165579,1.8834712251563402e-06,steel,0.001582393676518159
1.4932899758506666,664.7743287753378,1.9062770077990405e-06,steel,0.0018974385770195083
1.084115334556882,220.9030101679494,1.1985956572441419e-06,aluminum,0.0010291263410091558
1.2436674540557136,591.3545638795133,1.002961648859427e-06,aluminum,0.00529305197149524
1.8435883847625412,693.8763904497118,1.0541265961595722e-06,aluminum,0.019918036832515723
1.637588700478459,300.8005091467227,9.080016692541078e-07,steel,0.0025374777440461986
1.6491490501342745,288.11824089284255,9.441327561216612e-07,composite,0.009747767293018135
1.670203255351355,716.4805841723216,8.855654410218144e-07,composite,0.030236660124682332
1.7629030190395292,693.8747659700568,1.9877876830458484e-06,aluminum,0.008922790929436392
1.0581084817214474,523.3650597585122,8.888692200428883e-07,steel,0.0011228295010153177
1.3666083849326123,691.5199275763882,9.590504971416963e-07,aluminum,0.009573870416817338
1.5395274352616788,255.65364645469685,1.7927055147088837e-06,composite,0.003895285199419887
1.338456483297326,436.68891076325264,1.4962882600915318e-06,aluminum,0.003287333116109584
1.8444788732871866,642.6785336638237,1.7293006454831986e-06,steel,0.003856659433861511
1.4825725085872938,354.471175594378,1.5570944093271858e-06,aluminum,0.0038262545915204995
1.768627589459379,651.3973486601317,1.8586100843947375e-06,aluminum,0.010053603909869518
1.8520155168811692,502.50716263448834,1.5661610333176885e-06,aluminum,0.009444099917885323
1.504791482903498,650.1595927689398,1.426550111483781e-06,aluminum,0.007486333208845027
1.90955224387135,478.8077827143977,1.6552996325135595e-06,steel,0.0033719513319093028
1.5871239405369806,420.7426041330906,1.3368713021505315e-06,composite,0.008860610767957449
1.8502742988337217,331.5135298871794,1.2152765874856816e-06,aluminum,0.008324406084367561
1.3405907955915244,325.027604861009,1.3611829429402548e-06,aluminum,0.0027799544023331063
1.4988169585314852,650.8944863428376,1.0036569261182727e-06,aluminum,0.011150132981642327
1.5314110410045778,271.3462088203763,1.7558860757632296e-06,aluminum,0.0028430882742134585
1.1049797158960706,251.58941006656707,1.1128445376031335e-06,steel,0.0004999900305210427
1.3985525067015407,305.7748190132781,9.84237855604457e-07,composite,0.006227779821854286
1.917337672551676,305.20790687235313,1.0956226901398721e-06,steel,0.003381192286988998
1.6308322403647424,693.8645736841398,1.8104841821266876e-06,aluminum,0.007795440905287968
1.1775065824369675,439.1039740845274,1.1962415547172775e-06,steel,0.001028217356823354
1.338855635609605,794.2330744162895,1.6232598434070801e-06,steel,0.0019484840430442582
1.1916030096626997,282.3267546743674,1.827691556786887e-06,steel,0.0004144910641392953
1.0248231317985725,592.123895416186,8.932936003100505e-07,composite,0.005031997893916315
1.9274604585040267,469.23770432075037,1.7180292862136514e-06,aluminum,0.010131789773503952
1.4482073282568715,435.75090601824434,1.169198559654836e-06,aluminum,0.00542577652628481
1.3075350724207861,725.0505194324494,1.0599468370208512e-06,composite,0.012255889144535938
1.5984771915577367,785.3573874970398,1.6266817429435664e-06,steel,0.0032020907139088685
1.0073144562930156,723.7153752645072,1.8917559472798804e-06,aluminum,0.0019164848615854896
1.278022106600814,315.38040742107984,1.1540230504548743e-06,aluminum,0.0030856097198048373
1.7030334656988926,332.47875272536044,1.482600566461183e-06,aluminum,0.005068142682095505
1.6337697730692629,593.644327457038,1.1478009366193897e-06,steel,0.003402374248631186
1.9818059475425356,373.45014898291504,1.4651427028717134e-06,composite,0.015641500997626654
1.6203577096580442,640.835078468348,1.5462344367852085e-06,steel,0.0028171941947552318
